taxa_falsos_positivos,taxa_verdadeiros_positivos,threshold
0.0,0.0,inf
0.0,0.0007987220447284345,0.9999194434778264
0.0,0.050319488817891375,0.9995875076680736
0.0,0.051916932907348244,0.9995832116820167
0.0,0.06469648562300319,0.9995380691775738
0.0,0.06629392971246006,0.9995376382811734
0.0,0.5247603833865815,0.9788935801039419
5.174671020289885e-06,0.5247603833865815,0.9786398738316132
5.174671020289885e-06,0.6309904153354633,0.9213065841458239
1.034934204057977e-05,0.6309904153354633,0.9212776569954645
1.034934204057977e-05,0.634185303514377,0.9200179864620502
2.069868408115954e-05,0.634185303514377,0.9181011162199751
2.069868408115954e-05,0.6533546325878594,0.8682993622026641
2.5873355101449426e-05,0.6533546325878594,0.8674992608121576
2.5873355101449426e-05,0.6565495207667732,0.8586584782409498
3.104802612173931e-05,0.6565495207667732,0.8545983744190845
3.104802612173931e-05,0.6573482428115016,0.8534980647942828
3.62226971420292e-05,0.6573482428115016,0.8522903738648374
3.62226971420292e-05,0.6613418530351438,0.8437849524983616
4.139736816231908e-05,0.6613418530351438,0.842065913654071
4.139736816231908e-05,0.6629392971246006,0.8369303845191768
4.657203918260897e-05,0.6629392971246006,0.8322029681207129
4.657203918260897e-05,0.6637380191693291,0.8303316720716594
5.174671020289885e-05,0.6637380191693291,0.8268777166807103
5.174671020289885e-05,0.6693290734824281,0.8096053390394943
5.692138122318874e-05,0.6693290734824281,0.8082849973009991
5.692138122318874e-05,0.6821086261980831,0.7859372076921631
6.209605224347862e-05,0.6821086261980831,0.7808483053060947
6.209605224347862e-05,0.6845047923322684,0.7721346935047507
6.727072326376851e-05,0.6845047923322684,0.7718783321303798
6.727072326376851e-05,0.6932907348242812,0.7571063637895986
7.24453942840584e-05,0.6932907348242812,0.7526125294725751
7.24453942840584e-05,0.702076677316294,0.7407695701833567
7.762006530434828e-05,0.702076677316294,0.739143995778461
7.762006530434828e-05,0.7028753993610224,0.7386780664413461
8.279473632463816e-05,0.7028753993610224,0.7379785694796214
8.279473632463816e-05,0.7036741214057508,0.7374162555876542
9.314407836521793e-05,0.7036741214057508,0.7360544567578745
9.314407836521793e-05,0.7100638977635783,0.7310538643691756
0.00010866809142608759,0.7100638977635783,0.7256435086392954
0.00010866809142608759,0.713258785942492,0.7210602598351669
0.00011384276244637748,0.713258785942492,0.7203508104356926
0.00011384276244637748,0.7148562300319489,0.7186270399158948
0.00011901743346666736,0.7148562300319489,0.7151637946615244
0.00011901743346666736,0.7436102236421726,0.6562292309634065
0.00012419210448695725,0.7436102236421726,0.6557839420628386
0.00012419210448695725,0.744408945686901,0.6542543487192213
0.00012936677550724713,0.744408945686901,0.6542314440657834
0.00012936677550724713,0.7531948881789138,0.6391252108615657
0.0001397161175478269,0.7531948881789138,0.6373496247799444
0.0001397161175478269,0.7547923322683706,0.632709507378697
0.0001448907885681168,0.7547923322683706,0.6280504680544622
0.0001448907885681168,0.755591054313099,0.6241970180905863
0.00015006545958840667,0.755591054313099,0.6151156950182368
0.00015006545958840667,0.7595846645367412,0.6031652919822516
0.00015524013060869656,0.7595846645367412,0.6023156454832935
0.00015524013060869656,0.7619808306709265,0.6006746995998614
0.00016041480162898644,0.7619808306709265,0.5916362639525402
0.00016041480162898644,0.7739616613418531,0.5392312676789827
0.00016558947264927633,0.7739616613418531,0.5362304615165805
0.00016558947264927633,0.7795527156549521,0.5245431719896159
0.00017076414366956621,0.7795527156549521,0.523057617874146
0.00017076414366956621,0.7803514376996805,0.518403135626572
0.0001759388146898561,0.7803514376996805,0.5181080548917432
0.0001759388146898561,0.7827476038338658,0.5124030098454305
0.00018111348571014598,0.7827476038338658,0.5114205845155319
0.00018111348571014598,0.792332268370607,0.47557616767396077
0.00019146282775072575,0.792332268370607,0.4674142487049943
0.00019146282775072575,0.7931309904153354,0.46689987079986894
0.00019663749877101564,0.7931309904153354,0.4631866287544385
0.00019663749877101564,0.7947284345047924,0.4581111978609977
0.00020181216979130553,0.7947284345047924,0.4496650770569455
0.00020181216979130553,0.7963258785942492,0.44870144496693
0.0002121615118318853,0.7963258785942492,0.4454310246186913
0.0002121615118318853,0.8003194888178914,0.43652105725758517
0.00021733618285217518,0.8003194888178914,0.43196487282820695
0.00021733618285217518,0.805111821086262,0.41767624212842647
0.00022768552489275495,0.805111821086262,0.412867711547666
0.00022768552489275495,0.8059105431309904,0.41093256779828213
0.00023286019591304484,0.8059105431309904,0.40875773602764665
0.00023286019591304484,0.8067092651757188,0.40733332216694834
0.00023286019591304484,0.8083067092651757,0.4043619674174505
0.00023286019591304484,0.8115015974440895,0.38952827047010974
0.00023803486693333472,0.8115015974440895,0.3874391878244146
0.00023803486693333472,0.8123003194888179,0.3867243557540436
0.00026390822203478415,0.8123003194888179,0.37287669779057336
0.00026390822203478415,0.8130990415335463,0.3726754538414325
0.00026908289305507403,0.8130990415335463,0.36575117959312764
0.00026908289305507403,0.8162939297124601,0.3619405891882707
0.0002794322350956538,0.8162939297124601,0.35504604648632315
0.0002794322350956538,0.8170926517571885,0.35444209087156103
0.0002846069061159437,0.8170926517571885,0.34611630567177587
0.0002846069061159437,0.8178913738019169,0.34512076822201804
0.00029495624815652346,0.8178913738019169,0.33679671675009193
0.00029495624815652346,0.8210862619808307,0.327611275157438
0.00030013091917681335,0.8210862619808307,0.3256944662165603
0.00030013091917681335,0.8226837060702875,0.3249907158403786
0.0003104802612173931,0.8226837060702875,0.3240386691804557
0.0003104802612173931,0.8250798722044729,0.3209171695221872
0.000315654932237683,0.8250798722044729,0.3206380057696972
0.000315654932237683,0.8282747603833865,0.30585832521005596
0.0003208296032579729,0.8282747603833865,0.3035620355471027
0.0003208296032579729,0.829073482428115,0.30058602534881956
0.00034152828733913243,0.829073482428115,0.2960645258740256
0.00034152828733913243,0.8298722044728435,0.29523359134948757
0.0003518776293797122,0.8298722044728435,0.29363087226860807
0.0003518776293797122,0.8306709265175719,0.2909747106902916
0.0003570523004000021,0.8306709265175719,0.28680610464240347
0.0003570523004000021,0.8314696485623003,0.28520089532981785
0.00036740164244058185,0.8314696485623003,0.28039334431603596
0.00036740164244058185,0.8322683706070287,0.2775634293827287
0.00037257631346087174,0.8322683706070287,0.27656870937637246
0.00037257631346087174,0.8330670926517572,0.2760694259863009
0.00037257631346087174,0.8346645367412141,0.2738009704378325
0.0003829256555014515,0.8346645367412141,0.2707631216850752
0.0003829256555014515,0.8354632587859425,0.2703620103619319
0.0003881003265217414,0.8354632587859425,0.26994922672734173
0.0003881003265217414,0.8362619808306709,0.2694090956044546
0.0004191483526434807,0.8362619808306709,0.2621633665388195
0.0004191483526434807,0.8378594249201278,0.2569790787966075
0.0004243230236637706,0.8378594249201278,0.2565999322612853
0.0004243230236637706,0.8410543130990416,0.25134541006025596
0.00043467236570435036,0.8410543130990416,0.24906785147795213
0.00043467236570435036,0.84185303514377,0.24459466903526766
0.00044502170774493013,0.84185303514377,0.243718840059008
0.00044502170774493013,0.8434504792332268,0.24233482356997899
0.000491593746927539,0.8434504792332268,0.22988268909445095
0.000491593746927539,0.8442492012779552,0.22863363169221973
0.0005122924310086986,0.8442492012779552,0.22199284058487714
0.0005122924310086986,0.8450479233226837,0.22149344772622814
0.0005433404571304379,0.8450479233226837,0.20774662232908614
0.0005433404571304379,0.8466453674121406,0.20535685881273028
0.0005485151281507278,0.8466453674121406,0.2012559877221712
0.0005485151281507278,0.8482428115015974,0.20045011636488325
0.0005950871673333368,0.8482428115015974,0.1950996427287927
0.0005950871673333368,0.8490415335463258,0.19446807076160816
0.0006106111803942065,0.8490415335463258,0.1888174719236645
0.0006106111803942065,0.8498402555910544,0.18804412044384877
0.0006209605224347862,0.8498402555910544,0.18603140575287183
0.0006209605224347862,0.8506389776357828,0.18601790882130526
0.0006727072326376851,0.8506389776357828,0.17920308088774325
0.0006727072326376851,0.8514376996805112,0.1790193837557374
0.0006778819036579749,0.8514376996805112,0.17788684454498577
0.0006778819036579749,0.8522364217252396,0.17753828379805212
0.0006882312456985547,0.8522364217252396,0.17533253600830428
0.0006882312456985547,0.8538338658146964,0.17492981221565868
0.0006985805877391345,0.8538338658146964,0.17314059418187078
0.0006985805877391345,0.854632587859425,0.17176213642105465
0.0007141046008000042,0.854632587859425,0.16960421799434455
0.0007141046008000042,0.8554313099041534,0.1692750352054156
0.0007555019689623232,0.8554313099041534,0.1649271136832021
0.0007555019689623232,0.8562300319488818,0.16492240505922084
0.0007606766399826131,0.8562300319488818,0.1648455817850884
0.0007606766399826131,0.8570287539936102,0.16469307135956462
0.0007813753240637726,0.8570287539936102,0.16327586619072174
0.0007813753240637726,0.8578274760383386,0.16268541226913186
0.0008020740081449322,0.8578274760383386,0.15813480674654581
0.0008020740081449322,0.8586261980830671,0.15809380751912266
0.0008331220342666715,0.8586261980830671,0.15518988446943127
0.0008331220342666715,0.8594249201277955,0.15517516908163664
0.000858995389368121,0.8594249201277955,0.15378191282005862
0.000858995389368121,0.860223642172524,0.1532213955438885
0.0008693447314087007,0.860223642172524,0.15228810863894943
0.0008693447314087007,0.8610223642172524,0.15157888779549683
0.0009262661126318894,0.8610223642172524,0.14739610967073005
0.0009262661126318894,0.8618210862619808,0.1471799553892682
0.0009366154546724692,0.8618210862619808,0.14546147560386316
0.0009366154546724692,0.8626198083067093,0.1452131032589863
0.0009624888097739187,0.8626198083067093,0.14289509190043193
0.0009624888097739187,0.8642172523961661,0.1419067477577562
0.0009780128228347883,0.8642172523961661,0.14099267045492878
0.0009780128228347883,0.8650159744408946,0.14036670845280616
0.0009987115069159478,0.8650159744408946,0.13915544144582084
0.0009987115069159478,0.865814696485623,0.1386916338764897
0.0010038861779362376,0.865814696485623,0.13825413717839904
0.0010038861779362376,0.8666134185303515,0.13798738684969902
0.0010608075591594264,0.8666134185303515,0.13513608818611897
0.0010608075591594264,0.8690095846645367,0.13443815087493252
0.0010763315722202961,0.8690095846645367,0.1338053582060941
0.0010763315722202961,0.8698083067092651,0.13339737432530774
0.0010918555852811658,0.8698083067092651,0.1328724528226219
0.0010918555852811658,0.8706070287539937,0.1325456762900544
0.0010970302563014557,0.8706070287539937,0.13205095422937238
0.0010970302563014557,0.8730031948881789,0.1311337762892573
0.0011125542693623254,0.8730031948881789,0.12903497398004846
0.0011125542693623254,0.8738019169329073,0.12887814146193982
0.0011177289403826152,0.8738019169329073,0.12854806412131803
0.0011177289403826152,0.8746006389776357,0.12846188792424793
0.001133252953443485,0.8746006389776357,0.12698363043840735
0.001133252953443485,0.8753993610223643,0.1265624249910006
0.0011436022954840646,0.8753993610223643,0.12392321748687181
0.0011436022954840646,0.8769968051118211,0.12336575300402891
0.0011643009795652241,0.8769968051118211,0.12245757714958999
0.0011643009795652241,0.8777955271565495,0.12179289706945845
0.0012056983477275432,0.8777955271565495,0.12008299070596164
0.0012056983477275432,0.8785942492012779,0.1199090144704749
0.001216047689768123,0.8785942492012779,0.11970056870408331
0.001216047689768123,0.8793929712460063,0.11968080528639252
0.0012419210448695725,0.8793929712460063,0.1171917206401821
0.0012419210448695725,0.8801916932907349,0.11718921259047327
0.0012574450579304422,0.8801916932907349,0.11559734109335525
0.0012574450579304422,0.8809904153354633,0.11552734550331278
0.0012677943999710218,0.8809904153354633,0.11528693924604572
0.0012677943999710218,0.8825878594249201,0.11495798386329889
0.0012884930840521814,0.8825878594249201,0.11438593552439187
0.0012884930840521814,0.8833865814696485,0.11352396815281852
0.0012936677550724712,0.8833865814696485,0.11344678360393992
0.0012936677550724712,0.884185303514377,0.11327220903157083
0.0012988424260927613,0.884185303514377,0.11281935841482013
0.0012988424260927613,0.8849840255591054,0.11183380378028578
0.0013247157811942106,0.8849840255591054,0.11023941195437645
0.0013247157811942106,0.8857827476038339,0.11003627425318988
0.0013350651232347903,0.8857827476038339,0.1093710877350747
0.0013350651232347903,0.8865814696485623,0.10934223903255721
0.0013402397942550803,0.8865814696485623,0.10906916846768919
0.0013402397942550803,0.8881789137380192,0.10858084414369709
0.001402335846498559,0.8881789137380192,0.10478924297824922
0.001402335846498559,0.889776357827476,0.10373401387348187
0.0014230345305797183,0.889776357827476,0.10236748769820589
0.0014230345305797183,0.8905750798722045,0.10179355899003824
0.0014282092016000083,0.8905750798722045,0.10136267665794622
0.0014282092016000083,0.8913738019169329,0.10068135792723225
0.0014333838726202982,0.8913738019169329,0.10054792783901748
0.0014333838726202982,0.8921725239616614,0.09996845658305153
0.0014437332146608778,0.8921725239616614,0.09917837277664153
0.0014437332146608778,0.8937699680511182,0.09871962108333991
0.0014747812407826172,0.8937699680511182,0.09685159599468252
0.0014747812407826172,0.8945686900958466,0.09675878790128674
0.001479955911802907,0.8945686900958466,0.0963497519483379
0.001479955911802907,0.895367412140575,0.09606364851746227
0.0015524013060869656,0.895367412140575,0.09416038044111034
0.0015524013060869656,0.8961661341853036,0.09409212280633096
0.0015886240032289946,0.8961661341853036,0.09221779830326834
0.0015886240032289946,0.896964856230032,0.09217572536393288
0.0015989733452695745,0.896964856230032,0.09096666981684735
0.0015989733452695745,0.8977635782747604,0.09048140749889093
0.0016300213713913137,0.8977635782747604,0.08947055416899476
0.0016300213713913137,0.8985623003194888,0.08944534557857155
0.001666244068533343,0.8985623003194888,0.08810025864751526
0.001666244068533343,0.8993610223642172,0.08772022448509637
0.0016714187395536328,0.8993610223642172,0.08769258151672474
0.0016714187395536328,0.9001597444089456,0.08758999001476539
0.0016765934105739228,0.9001597444089456,0.08747003233700977
0.0016765934105739228,0.9009584664536742,0.0873892917186834
0.0016817680815942127,0.9009584664536742,0.08730903859202063
0.0016817680815942127,0.9017571884984026,0.08675021435736231
0.001707641436695662,0.9017571884984026,0.08559732640484574
0.001707641436695662,0.902555910543131,0.08545074072812849
0.0017231654497565317,0.902555910543131,0.08510322420814227
0.0017231654497565317,0.9041533546325878,0.08460076309207122
0.0017749121599594305,0.9041533546325878,0.0824424564862012
0.0017749121599594305,0.9049520766773163,0.08226481781296692
0.0017800868309797205,0.9049520766773163,0.08193066413669228
0.0017800868309797205,0.9057507987220448,0.08159050735235204
0.00180596018608117,0.9057507987220448,0.08082068736345047
0.00180596018608117,0.9073482428115016,0.08068333449575135
0.0018214841991420396,0.9073482428115016,0.07962686307411118
0.0018214841991420396,0.90814696485623,0.07959589126735662
0.001837008212202909,0.90814696485623,0.07909063266612638
0.001837008212202909,0.9089456869009584,0.07891331401776451
0.0018835802513855182,0.9089456869009584,0.07700603827504038
0.0018835802513855182,0.9097444089456869,0.07693513809352505
0.0019301522905681272,0.9097444089456869,0.07596138349979643
0.0019301522905681272,0.9105431309904153,0.07584478876392478
0.001966374987710156,0.9105431309904153,0.0752282317701614
0.001966374987710156,0.9113418530351438,0.07504192615241818
0.0019767243297507363,0.9113418530351438,0.07418447036573599
0.0019767243297507363,0.9121405750798722,0.07413763314307871
0.001981899000771026,0.9121405750798722,0.07393639209843181
0.001981899000771026,0.9137380191693291,0.07356247455485428
0.0020025976848521854,0.9137380191693291,0.07289961443567766
0.0020025976848521854,0.9145367412140575,0.07281221025503516
0.0020388203819942147,0.9145367412140575,0.07235925967261272
0.0020388203819942147,0.9153354632587859,0.07170867970226535
0.0021940605126029114,0.9153354632587859,0.06790975076045866
0.0021940605126029114,0.9161341853035144,0.06789224602704735
0.0022302832097449406,0.9161341853035144,0.06682756150201788
0.0022302832097449406,0.9177316293929713,0.06652366025307221
0.002354475314231898,0.9177316293929713,0.06334841620305764
0.002354475314231898,0.9185303514376997,0.0633346981070065
0.0025045407738203043,0.9185303514376997,0.06061145536971008
0.0025045407738203043,0.9193290734824281,0.06058066684595253
0.002525239457901464,0.9193290734824281,0.060189962725167856
0.002525239457901464,0.9201277955271565,0.05953352263193133
0.0025355887999420437,0.9201277955271565,0.05924108896835077
0.0025355887999420437,0.920926517571885,0.05914050131397606
0.0025459381419826233,0.920926517571885,0.059060153478828696
0.0025459381419826233,0.9217252396166135,0.05901329912135368
0.002654606233408711,0.9217252396166135,0.056771110511753174
0.002654606233408711,0.9225239616613419,0.05674733748986639
0.002747750311773929,0.9225239616613419,0.055570724413996186
0.002747750311773929,0.9233226837060703,0.05556506040121387
0.0027994970219768277,0.9233226837060703,0.0547589523132495
0.0027994970219768277,0.9241214057507987,0.054730252242291964
0.002939213139524655,0.9241214057507987,0.05259026286129852
0.002939213139524655,0.9249201277955271,0.05251710558212395
0.002975435836666684,0.9249201277955271,0.05205988077853934
0.002975435836666684,0.9257188498402555,0.05186412699687347
0.003068579915031902,0.9257188498402555,0.04981759790011295
0.003068579915031902,0.9265175718849841,0.04972823985898134
0.003094453270133351,0.9265175718849841,0.0494309615633952
0.003094453270133351,0.9273162939297125,0.04936064727220858
0.003109977283194221,0.9273162939297125,0.04916885423023368
0.003109977283194221,0.9281150159744409,0.0491080414517908
0.00315137465135654,0.9281150159744409,0.0483300411079366
0.00315137465135654,0.9289137380191693,0.04830945130981175
0.0031875973484985693,0.9289137380191693,0.04798563185307543
0.0031875973484985693,0.9297124600638977,0.04794483442589947
0.0033635361631884253,0.9297124600638977,0.04574141674148711
0.0033635361631884253,0.9305111821086262,0.04570745006127341
0.003435981557472484,0.9305111821086262,0.04482668866360674
0.003435981557472484,0.9313099041533547,0.04479768281399691
0.0036584924113449487,0.9313099041533547,0.04244272583925247
0.0036584924113449487,0.9321086261980831,0.04240907534454123
0.0036791910954261085,0.9321086261980831,0.04221863577559769
0.0036791910954261085,0.9329073482428115,0.042140834318325195
0.0037309378056290072,0.9329073482428115,0.0417700992622159
0.0037309378056290072,0.9337060702875399,0.04174347282294966
0.0038965272782782836,0.9337060702875399,0.03976169672511007
0.0038965272782782836,0.9345047923322684,0.03972548316495075
0.004036243395826111,0.9345047923322684,0.03815568232669868
0.004036243395826111,0.9353035143769968,0.0381448893924298
0.004077640763988429,0.9353035143769968,0.037825714762463165
0.004077640763988429,0.9361022364217252,0.037822809950310655
0.004139736816231908,0.9361022364217252,0.03728349605425548
0.004139736816231908,0.9369009584664537,0.03726251127267665
0.004315675630921764,0.9369009584664537,0.03579843547264191
0.004315675630921764,0.9376996805111821,0.03553666892695525
0.0045019637876522,0.9376996805111821,0.033977624304553734
0.0045019637876522,0.9384984025559105,0.03389030731350888
0.004631330563159447,0.9384984025559105,0.03316675145341525
0.004631330563159447,0.939297124600639,0.03314340118371768
0.004672727931321766,0.939297124600639,0.032930099975683504
0.004672727931321766,0.9400958466453674,0.032905954706434204
0.004729649312544955,0.9400958466453674,0.032623322339487205
0.004729649312544955,0.9408945686900958,0.03260354384625514
0.004760697338666694,0.9408945686900958,0.03242200412323404
0.004760697338666694,0.9416932907348243,0.032390204591619495
0.004786570693768144,0.9416932907348243,0.03220104679387866
0.004786570693768144,0.9424920127795527,0.03219911512125685
0.004812444048869593,0.9424920127795527,0.032029399855397704
0.004812444048869593,0.9440894568690096,0.03190946616301935
0.004838317403971042,0.9440894568690096,0.031574204300835775
0.004838317403971042,0.944888178913738,0.0315642990282861
0.004859016088052202,0.944888178913738,0.0315350877048585
0.004859016088052202,0.9456869009584664,0.03153268032208021
0.004900413456214521,0.9456869009584664,0.03129493822147978
0.004900413456214521,0.9464856230031949,0.03129332057157898
0.005060828257843508,0.9464856230031949,0.030580513383185067
0.005060828257843508,0.9472843450479234,0.0305718854579044
0.005143622994168146,0.9472843450479234,0.03004459490399391
0.005143622994168146,0.9480830670926518,0.029999207656754612
0.0052108937174319145,0.9480830670926518,0.02947818836797605
0.0052108937174319145,0.9488817891373802,0.029454636634220162
0.0052419417435536535,0.9488817891373802,0.029324333807990554
0.0052419417435536535,0.9496805111821086,0.02931175585599616
0.005319561808858002,0.9496805111821086,0.028989644577759283
0.005319561808858002,0.950479233226837,0.028953830403123233
0.005454103255385539,0.950479233226837,0.02817369519066304
0.005454103255385539,0.9512779552715654,0.02815528860260483
0.005624867399055105,0.9512779552715654,0.02733526834577547
0.005624867399055105,0.952076677316294,0.027327259854236053
0.005661090096197134,0.952076677316294,0.02726679517465015
0.005661090096197134,0.9528753993610224,0.027263926874628825
0.005909474305171049,0.9528753993610224,0.025967904797440444
0.005909474305171049,0.9536741214057508,0.025959573981320486
0.005935347660272498,0.9536741214057508,0.025871978276414017
0.005935347660272498,0.9544728434504792,0.02586727769300124
0.0064683387753623565,0.9544728434504792,0.02358439681101228
0.0064683387753623565,0.9552715654952076,0.02356101558958117
0.0065563081827072845,0.9552715654952076,0.02313658188888703
0.0065563081827072845,0.9560702875399361,0.023122183154037478
0.006727072326376851,0.9560702875399361,0.02255995539347908
0.006727072326376851,0.9568690095846646,0.022550994367736228
0.006794343049640619,0.9568690095846646,0.022326192905897536
0.006794343049640619,0.957667731629393,0.022315690969923318
0.006949583180249316,0.957667731629393,0.02172146101234678
0.006949583180249316,0.9584664536741214,0.02171715056077051
0.0071099979818783025,0.9584664536741214,0.021160302563803843
0.0071099979818783025,0.9600638977635783,0.021141900100392727
0.0072290154153449694,0.9600638977635783,0.020676841094321472
0.0072290154153449694,0.9608626198083067,0.020651073745695553
0.007363556861872507,0.9608626198083067,0.02030685498346306
0.0073739062039130865,0.9608626198083067,0.020299581882586838
0.007430827585136275,0.9608626198083067,0.020160638802764138
0.007430827585136275,0.9616613418530351,0.02015087054038108
0.007441176927176855,0.9616613418530351,0.020129024054737012
0.007441176927176855,0.9624600638977636,0.0201146351907822
0.008160456198997149,0.9624600638977636,0.018034322645088533
0.008160456198997149,0.963258785942492,0.018011710093397543
0.008641700603884108,0.963258785942492,0.016931635773981588
0.008641700603884108,0.9640575079872205,0.016921816480682996
0.008827988760614544,0.9640575079872205,0.016535144313390683
0.008827988760614544,0.9648562300319489,0.016496942762221203
0.00898840356224353,0.9648562300319489,0.01608877330643072
0.00898840356224353,0.9656549520766773,0.01606695398896668
0.01032864335649861,0.9656549520766773,0.013713176311498097
0.01032864335649861,0.9664536741214057,0.013710223733747069
0.011172114732805861,0.9664536741214057,0.012469914035807557
0.011172114732805861,0.9672523961661342,0.01246814626925748
0.011544691046266733,0.9672523961661342,0.011989336410030391
0.011544691046266733,0.9680511182108626,0.011986774571977108
0.013619734125402978,0.9680511182108626,0.010131270357491494
0.013619734125402978,0.9688498402555911,0.010127308977121559
0.013909515702539212,0.9688498402555911,0.009917469343224782
0.013909515702539212,0.9696485623003195,0.009915045135948194
0.014163074582533415,0.9696485623003195,0.00974676715570274
0.014163074582533415,0.9704472843450479,0.009743797671319455
0.01444768148864936,0.9704472843450479,0.00951020061740834
0.01444768148864936,0.9712460063897763,0.009506214633287508
0.014732288394765303,0.9712460063897763,0.009269874978667767
0.014732288394765303,0.9720447284345048,0.009268960360689913
0.01586554134820879,0.9720447284345048,0.00854259379551179
0.01586554134820879,0.9728434504792333,0.008541859882186888
0.016036305491878355,0.9728434504792333,0.008442085014629569
0.016036305491878355,0.9736421725239617,0.00844165783199488
0.016569296606968213,0.9736421725239617,0.008145117639372979
0.016569296606968213,0.9744408945686901,0.008142128593922675
0.018571894291820396,0.9744408945686901,0.007206929047321404
0.018571894291820396,0.9752396166134185,0.007204253948575514
0.020093247571785624,0.9752396166134185,0.006681905790984307
0.020103596913826204,0.9752396166134185,0.006678332012412075
0.02252534295132187,0.9752396166134185,0.005849256951498403
0.02252534295132187,0.9760383386581469,0.005848644252666625
0.022794425844376943,0.9760383386581469,0.005752197543944645
0.022794425844376943,0.9768370607028753,0.005749815364970057
0.022846172554579842,0.9768370607028753,0.0057358446990857384
0.022846172554579842,0.9776357827476039,0.005735568420602464
0.02376208932517115,0.9776357827476039,0.005486760513708705
0.02376208932517115,0.9784345047923323,0.005484532012297117
0.024284731098220432,0.9784345047923323,0.005354912415894568
0.024284731098220432,0.9792332268370607,0.005351861849257307
0.02445549524189,0.9792332268370607,0.005306741118726409
0.02445549524189,0.9800319488817891,0.005304053782958041
0.03005448928584365,0.9800319488817891,0.00419307233554488
0.03005448928584365,0.9808306709265175,0.004193040259232037
0.03052538434869003,0.9808306709265175,0.004130980385546805
0.03052538434869003,0.981629392971246,0.004130506929658664
0.03139472908009873,0.981629392971246,0.004019322599896873
0.03139472908009873,0.9824281150159745,0.004018542268865497
0.03635206391753644,0.9824281150159745,0.003458701648917374
0.03635206391753644,0.9832268370607029,0.0034579935859749846
0.036414159969779925,0.9832268370607029,0.003451922905310777
0.036414159969779925,0.9840255591054313,0.003451675364824215
0.036724640230997314,0.9840255591054313,0.003422686452982333
0.036724640230997314,0.9848242811501597,0.0034221028760966117
0.041661276384353865,0.9848242811501597,0.0030018177356404426
0.041661276384353865,0.9856230031948882,0.0030015889692595124
0.0452783714275365,0.9856230031948882,0.0027570610252557835
0.0452783714275365,0.9864217252396166,0.0027568863110271143
0.050520313171090146,0.9864217252396166,0.0024631688378919936
0.050520313171090146,0.987220447284345,0.002463071530344793
0.053459526310614805,0.987220447284345,0.002329835097650893
0.05346987565265538,0.987220447284345,0.0023298095225161328
0.054215028279577124,0.987220447284345,0.002301895422209355
0.05422537762161771,0.987220447284345,0.0023018065326802866
0.05797701411132787,0.987220447284345,0.00214141237031058
0.057987363453368454,0.987220447284345,0.002141302691311011
0.060476380214127885,0.987220447284345,0.0020459968402625137
0.06048672955616847,0.987220447284345,0.0020458098964080845
0.062566947306325,0.987220447284345,0.0019739939641296236
0.062566947306325,0.9880191693290735,0.0019739684329136095
0.06263421802958877,0.9880191693290735,0.0019703233833727736
0.06263421802958877,0.9888178913738019,0.001970304769308501
0.06416592065159457,0.9888178913738019,0.0019224237901970583
0.06417626999363515,0.9888178913738019,0.0019221104534109929
0.06452814762301487,0.9888178913738019,0.001908272743842717
0.06452814762301487,0.9896166134185304,0.0019080469450618513
0.06576489399686415,0.9896166134185304,0.0018674640819085948
0.06577524333890473,0.9896166134185304,0.00186739153425421
0.0708050235706265,0.9896166134185304,0.0017126232734452206
0.0708050235706265,0.9904153354632588,0.0017125928513069166
0.07493441104481782,0.9904153354632588,0.00160167265039718
0.0749447603868584,0.9904153354632588,0.0016016574582997261
0.07589172518357146,0.9904153354632588,0.0015755594785088463
0.07589172518357146,0.9912140575079872,0.0015753157969500859
0.07910002121615119,0.9912140575079872,0.001492262270372516
0.07910002121615119,0.9920127795527156,0.0014920943910381296
0.08016082877531061,0.9920127795527156,0.0014687790418864797
0.0801711781173512,0.9920127795527156,0.001468775213385347
0.0810819202169222,0.9920127795527156,0.0014468622636155286
0.0810819202169222,0.9928115015974441,0.001446771918028797
0.08372100243727006,0.9928115015974441,0.0013869457145212778
0.08373135177931063,0.9928115015974441,0.0013869282899180596
0.08572877479314253,0.9928115015974441,0.0013433908610593764
0.0857391241351831,0.9928115015974441,0.0013432491094399516
0.09067058561751937,0.9928115015974441,0.001246066501717408
0.09068093495955995,0.9928115015974441,0.0012458001285402143
0.09470682901334547,0.9928115015974441,0.0011730875259214069
0.09471717835538605,0.9928115015974441,0.0011730836743476692
0.10388669540333974,0.9928115015974441,0.0010221394683349535
0.10389704474538031,0.9928115015974441,0.0010220498204601843
0.10512344177718902,0.9928115015974441,0.0010059324571862188
0.10512344177718902,0.9936102236421726,0.0010058799376408947
0.10529938059187888,0.9936102236421726,0.0010034899922728693
0.10530972993391945,0.9936102236421726,0.0010032380229550624
0.10702772071265569,0.9936102236421726,0.0009771629183712406
0.10703807005469627,0.9936102236421726,0.0009770351602258628
0.11102774141133978,0.9936102236421726,0.0009182596168810532
0.11103809075338035,0.9936102236421726,0.0009182042199417682
0.11297341771496877,0.9936102236421726,0.0008926579483859411
0.11298376705700935,0.9936102236421726,0.0008926568594496667
0.12044564266826736,0.9936102236421726,0.0008029594384785955
0.12045599201030795,0.9936102236421726,0.0008029485198793611
0.12433182060450507,0.9936102236421726,0.0007593240669654496
0.12433182060450507,0.994408945686901,0.0007592969540258061
0.13007570543702685,0.994408945686901,0.0006978032770754969
0.13007570543702685,0.9952076677316294,0.0006977985170278571
0.1363836294107602,0.9952076677316294,0.0006407122857048783
0.1363836294107602,0.9960063897763578,0.000640688619430018
0.14837334216477188,0.9960063897763578,0.000543014291249643
0.14838369150681247,0.9960063897763578,0.000543010199092939
0.15710301217600092,0.9960063897763578,0.00048765638703910627
0.15711336151804148,0.9960063897763578,0.00048764806338669523
0.16880811802389664,0.9960063897763578,0.0004221132279034077
0.16880811802389664,0.9968051118210862,0.00042209421563433816
0.17928682683998365,0.9968051118210862,0.00037440077375651437
0.17928682683998365,0.9976038338658147,0.0003743981861934693
0.18344208766927642,0.9976038338658147,0.0003592390556421244
0.183452437011317,0.9976038338658147,0.00035923596397984735
0.19592339417021562,0.9976038338658147,0.0003169308617191258
0.1959337435122562,0.9976038338658147,0.00031689428700577236
0.20513430858633164,0.9976038338658147,0.0002904367849281032
0.2051446579283722,0.9976038338658147,0.0002904132277819921
0.20665566186629686,0.9976038338658147,0.0002864482497212621
0.20666601120833744,0.9976038338658147,0.00028644569000539177
0.2160373404260824,0.9976038338658147,0.0002636802714387983
0.216047689768123,0.9976038338658147,0.0002636740831225815
0.2309869650036999,0.9976038338658147,0.00023362049665840966
0.23099731434574047,0.9976038338658147,0.00023361170668476225
0.23756397187048833,0.9976038338658147,0.00022227317973539458
0.23757432121252892,0.9976038338658147,0.00022227226990454715
0.24245403598466228,0.9976038338658147,0.00021380869911255098
0.24245403598466228,0.9984025559105432,0.00021380432944873826
0.2482186195012652,0.9984025559105432,0.00020476190739398078
0.24822896884330578,0.9984025559105432,0.00020475173798336943
0.2556183990602797,0.9984025559105432,0.00019417736577375495
0.2556287484023203,0.9984025559105432,0.00019416217158853868
0.271385621659103,0.9984025559105432,0.0001747657469118532
0.2713959710011436,0.9984025559105432,0.0001747605098554768
0.2751372581488132,0.9984025559105432,0.000170413170304876
0.27514760749085376,0.9984025559105432,0.00017040765838356113
0.28405839098779295,0.9984025559105432,0.0001608490145900519
0.28406874032983354,0.9984025559105432,0.0001608471244097951
0.2930105718528945,0.9984025559105432,0.00015228480155205545
0.29302092119493506,0.9984025559105432,0.00015228024016969216
0.2930674932341176,0.9984025559105432,0.00015224684212305646
0.2930830172471785,0.9984025559105432,0.0001522405144294067
0.31290718192590905,0.9984025559105432,0.00013615765692505442
0.31291753126794963,0.9984025559105432,0.00013613857094922602
0.3162034473658337,0.9984025559105432,0.00013390558659012427
0.3162137967078743,0.9984025559105432,0.0001339041830560067
0.31945831543759606,0.9984025559105432,0.00013163871745481686
0.31946866477963665,0.9984025559105432,0.0001316386977012573
0.3230754104807787,0.9984025559105432,0.0001290839940338344
0.3230857598228193,0.9984025559105432,0.00012908373894350702
0.3237532923844367,0.9984025559105432,0.00012862345924562516
0.32376364172647726,0.9984025559105432,0.00012861807689105873
0.32610259302764827,0.9984025559105432,0.0001270881816195622
0.32611294236968885,0.9984025559105432,0.00012708622019053835
0.3325864558160715,0.9984025559105432,0.00012303199932401886
0.3325968051581121,0.9984025559105432,0.0001230318784147092
0.339592960377544,0.9984025559105432,0.00011904187485857954
0.3396033097195846,0.9984025559105432,0.0001190384704578247
0.34216994654564836,0.9984025559105432,0.00011763286959698538
0.34218029588768895,0.9984025559105432,0.0001176301847229102
0.3425632215431904,0.9984025559105432,0.00011739318442408464
0.342573570885231,0.9984025559105432,0.0001173931070529431
0.3431531340395034,0.9984025559105432,0.00011711676679976493
0.343163483381544,0.9984025559105432,0.0001171077606360338
0.3484002504540774,0.9984025559105432,0.0001144403989911888
0.34841059979611794,0.9984025559105432,0.000114437032269264
0.3513963849748252,0.9984025559105432,0.00011289027061536811
0.3514067343168658,0.9984025559105432,0.0001128873036427361
0.36328260430843107,0.9984025559105432,0.00010713424674305884
0.36329295365047165,0.9984025559105432,0.00010712761645170677
0.3635827352276079,0.9984025559105432,0.00010698862152498461
0.3635930845696485,0.9984025559105432,0.00010698399637002085
0.3648557042985992,0.9984025559105432,0.00010642798818770014
0.3648660536406398,0.9984025559105432,0.00010642761348616331
0.36964744966338764,0.9984025559105432,0.00010433098716337593
0.3696577990054282,0.9984025559105432,0.00010433069461407912
0.36999932729276735,0.9984025559105432,0.00010414958467315419
0.37000967663480794,0.9984025559105432,0.00010414480531439233
0.3714999818886514,0.9984025559105432,0.00010350384855437724
0.371510331230692,0.9984025559105432,0.00010350260595468599
0.3736060729939094,0.9984025559105432,0.00010257553397856862
0.37361642233595,0.9984025559105432,0.00010257533843052235
0.37845473973992105,0.9984025559105432,0.00010057147744310921
0.37846508908196164,0.9984025559105432,0.00010056519184936263
0.37978463019213554,0.9984025559105432,0.00010004574593823433
0.3797949795341761,0.9984025559105432,0.00010004128139066546
0.38044698808273264,0.9984025559105432,9.974675301665969e-05
0.3804573374247732,0.9984025559105432,9.97409515738966e-05
0.38124388741985726,0.9984025559105432,9.940356239897668e-05
0.38125423676189785,0.9984025559105432,9.940293606452e-05
0.38621157159933556,0.9984025559105432,9.756372202464004e-05
0.38622192094137614,0.9984025559105432,9.755912568502718e-05
0.3877277502082805,0.9984025559105432,9.700646179110184e-05
0.38773809955032107,0.9984025559105432,9.700611088543911e-05
0.3879761344172544,0.9984025559105432,9.692034739312153e-05
0.387986483759295,0.9984025559105432,9.69173356677496e-05
0.39096191959596166,0.9984025559105432,9.56884876273075e-05
0.39097226893800224,0.9984025559105432,9.568594106281315e-05
0.3921727926147095,0.9984025559105432,9.525703206444286e-05
0.3921831419567501,0.9984025559105432,9.525660367647251e-05
0.3946411106913878,0.9984025559105432,9.434633273369896e-05
0.3946514600334284,0.9984025559105432,9.434520775515055e-05
0.39510683108321387,0.9984025559105432,9.41636785746236e-05
0.39511718042525446,0.9984025559105432,9.416158757559355e-05
0.39737333699010086,0.9984025559105432,9.335728498530591e-05
0.39738368633214144,0.9984025559105432,9.335637446190084e-05
0.40009003927575304,0.9984025559105432,9.245308512964185e-05
0.4001003886177936,0.9984025559105432,9.2452078670639e-05
0.40175628334428637,0.9984025559105432,9.187364181300257e-05
0.40176663268632695,0.9984025559105432,9.187271281286081e-05
0.4036398635956719,0.9984025559105432,9.123485955855815e-05
0.40365021293771247,0.9984025559105432,9.123419164340134e-05
0.40570455733276756,0.9984025559105432,9.057244237966728e-05
0.40571490667480814,0.9984025559105432,9.057016924400276e-05
0.4117123503873241,0.9984025559105432,8.83680130243158e-05
0.4117226997293647,0.9984025559105432,8.836296835127585e-05
0.4141961924770633,0.9984025559105432,8.748926556952452e-05
0.4142065418191038,0.9984025559105432,8.74885883438619e-05
0.4174872832459676,0.9984025559105432,8.636833849542877e-05
0.4174976325880082,0.9984025559105432,8.636567972504612e-05
0.42286894110706913,0.9984025559105432,8.4665776680867e-05
0.4228792904491097,0.9984025559105432,8.465756063639323e-05
0.42930623185630973,0.9984025559105432,8.259497194237901e-05
0.4293165811983503,0.9984025559105432,8.259151426897171e-05
0.4295183933681416,0.9984025559105432,8.253591607529647e-05
0.4295287427101822,0.9984025559105432,8.253445585029826e-05
0.42986509632650105,0.9984025559105432,8.24302959570181e-05
0.42987544566854163,0.9984025559105432,8.243021295627135e-05
0.4326749426905184,0.9984025559105432,8.14922363644087e-05
0.432685292032559,0.9984025559105432,8.149205199381673e-05
0.4331924097925474,0.9984025559105432,8.134720142277632e-05
0.433202759134588,0.9984025559105432,8.134678119168845e-05
0.4376685002250982,0.9984025559105432,7.997824320310792e-05
0.43767884956713876,0.9984025559105432,7.997812329964969e-05
0.4407370801401301,0.9984025559105432,7.905942788288451e-05
0.44074742948217066,0.9984025559105432,7.905876035439217e-05
0.4440126468959736,0.9984025559105432,7.809771946623417e-05
0.44402299623801417,0.9984025559105432,7.809711850608642e-05
0.45834131095115627,0.9984025559105432,7.407076369023849e-05
0.45835166029319685,0.9984025559105432,7.40706251645957e-05
0.4617617684955679,0.9984025559105432,7.312742728212878e-05
0.46177211783760846,0.9984025559105432,7.312633015467487e-05
0.46536333952568965,0.9984025559105432,7.216651099735339e-05
0.46537368886773023,0.9984025559105432,7.216616763913004e-05
0.475919668407081,0.9984025559105432,6.931835003882472e-05
0.4759300177491216,0.9984025559105432,6.931797795986078e-05
0.47750829241031,0.9984025559105432,6.893305990392202e-05
0.4775186417523506,0.9984025559105432,6.892908312561855e-05
0.4814048196885883,0.9984025559105432,6.791757833039777e-05
0.4814048196885883,0.9992012779552716,6.791695592929311e-05
0.4822638150779564,0.9992012779552716,6.77057687702034e-05
0.482274164419997,0.9992012779552716,6.770477591920716e-05
0.48433368348607236,0.9992012779552716,6.717859888010503e-05
0.48434403282811295,0.9992012779552716,6.717727076045957e-05
0.4859171328182811,0.9992012779552716,6.675821548941604e-05
0.48592748216032167,0.9992012779552716,6.675798723777055e-05
0.48752128083457097,0.9992012779552716,6.632209358896795e-05
0.4875316301766115,0.9992012779552716,6.6321706534919e-05
0.4951590952605188,0.9992012779552716,6.434269791370896e-05
0.4951694446025594,0.9992012779552716,6.434254008993732e-05
0.5002923689126464,0.9992012779552716,6.306620951035089e-05
0.500302718254687,0.9992012779552716,6.306380491877859e-05
0.5058292669043566,0.9992012779552716,6.169920461505661e-05
0.5058396162463972,0.9992012779552716,6.169775950387718e-05
0.5070608386071855,0.9992012779552716,6.141332164174738e-05
0.5070711879492261,0.9992012779552716,6.14123671437771e-05
0.5132393958054117,0.9992012779552716,5.987996075889709e-05
0.5132497451474523,0.9992012779552716,5.987787817254439e-05
0.518688324389777,0.9992012779552716,5.854728517344889e-05
0.5186986737318175,0.9992012779552716,5.854561031403381e-05
0.5265693483536784,0.9992012779552716,5.6750890698835804e-05
0.526579697695719,0.9992012779552716,5.674857742799629e-05
0.5297155483340147,0.9992012779552716,5.604189544641619e-05
0.5297258976760553,0.9992012779552716,5.604055000282054e-05
0.5358785815191799,0.9992012779552716,5.463596884194434e-05
0.5358889308612205,0.9992012779552716,5.4633810715637415e-05
0.5557907156052554,0.9992012779552716,5.016335931754829e-05
0.5558114142893366,0.9992012779552716,5.016308770717523e-05
0.5683806901976207,0.9992012779552716,4.7495357173978983e-05
0.5683910395396613,0.9992012779552716,4.74946989326036e-05
0.5971001143602296,0.9992012779552716,4.1847417068202756e-05
0.5971104637022702,0.9992012779552716,4.18473632856097e-05
0.6054416840449368,0.9992012779552716,4.0188272890479354e-05
0.6054520333869774,0.9992012779552716,4.018786170653399e-05
0.6089035389575108,0.9992012779552716,3.950939264729835e-05
0.6089138882995514,0.9992012779552716,3.950628770020407e-05
0.6145387556986065,0.9992012779552716,3.844500906468376e-05
0.6145491050406471,0.9992012779552716,3.8444930244567743e-05
0.6169656764071224,0.9992012779552716,3.798221408501735e-05
0.616976025749163,0.9992012779552716,3.798148227993093e-05
0.619868666849505,0.9992012779552716,3.7514293234801634e-05
0.6198790161915456,0.9992012779552716,3.7514223656067225e-05
0.6218712645343573,0.9992012779552716,3.7157649924928596e-05
0.6218816138763978,0.9992012779552716,3.715714381927558e-05
0.6262542108885427,0.9992012779552716,3.643139970702838e-05
0.6262645602305833,0.9992012779552716,3.642958930400951e-05
0.6281636644950297,0.9992012779552716,3.608174376622368e-05
0.6281740138370703,0.9992012779552716,3.608173706182904e-05
0.6368674611511573,0.9992012779552716,3.459364906830663e-05
0.6368778104931979,0.9992012779552716,3.459235256138507e-05
0.6456747512276907,0.9992012779552716,3.3223750369546504e-05
0.6456851005697313,0.9992012779552716,3.322348833725455e-05
0.650000776200653,0.9992012779552716,3.255096103978296e-05
0.6500111255426936,0.9992012779552716,3.2550482803807775e-05
0.6501715403443226,0.9992012779552716,3.252826124354661e-05
0.6501818896863631,0.9992012779552716,3.2527143483651015e-05
0.6536644432830183,0.9992012779552716,3.198596211280451e-05
0.6536747926250589,0.9992012779552716,3.1984686995276975e-05
0.653767936703424,0.9992012779552716,3.197026783585761e-05
0.6537782860454646,0.9992012779552716,3.1969350921786616e-05
0.6579594202298589,0.9992012779552716,3.133489610060623e-05
0.6579697695718995,0.9992012779552716,3.133254352046087e-05
0.6590409264730994,0.9992012779552716,3.115257021425839e-05
0.65905127581514,0.9992012779552716,3.1151579099912426e-05
0.6639879119684966,0.9992012779552716,3.0437475887851176e-05
0.6639982613105372,0.9992012779552716,3.0437196071540758e-05
0.6684898757561488,0.9992012779552716,2.9771250301366666e-05
0.6685002250981894,0.9992012779552716,2.9770782805758154e-05
0.6771264016890126,0.9992012779552716,2.858709286626917e-05
0.6771367510310532,0.9992012779552716,2.8585894047719336e-05
0.6787512483893836,0.9992012779552716,2.8373307973420957e-05
0.6787615977314242,0.9992012779552716,2.837255542154778e-05
0.6792945888465141,0.9992012779552716,2.830249178506774e-05
0.6793049381885546,0.9992012779552716,2.8302046671698215e-05
0.6796982131860967,0.9992012779552716,2.8252966968978572e-05
0.6797085625281373,0.9992012779552716,2.8252418051230816e-05
0.6813955052807518,0.9992012779552716,2.8041170903835464e-05
0.6814058546227924,0.9992012779552716,2.8040902327939675e-05
0.6822751993542011,0.9992012779552716,2.790058405242804e-05
0.6822855486962416,0.9992012779552716,2.7899685630088076e-05
0.68600613715983,0.9992012779552716,2.7398096563141226e-05
0.6860164865018706,0.9992012779552716,2.739770557108585e-05
0.6869944993247055,0.9992012779552716,2.7263705504264567e-05
0.687004848666746,0.9992012779552716,2.7263444662896913e-05
0.6899802845034126,0.9992012779552716,2.6891032372700217e-05
0.6899802845034126,1.0,2.6889319710921162e-05
0.6903218127907518,1.0,2.6841299464419946e-05
0.6903321621327924,1.0,2.684098283253084e-05
0.6926607640919229,1.0,2.6571676342755713e-05
0.6926711134339635,1.0,2.6571091553280287e-05
0.6933903927057837,1.0,2.6485129315776784e-05
0.6934007420478243,1.0,2.6485055682829558e-05
0.6963606538714301,1.0,2.6132663419540677e-05
0.6963710032134707,1.0,2.613253239201027e-05
0.6983787755693431,1.0,2.5888628353392115e-05
0.6983891249113837,1.0,2.5888628242478246e-05
0.7127333129796273,1.0,2.426861091804122e-05
0.7127436623216679,1.0,2.4268448317895867e-05
0.7140890767869432,1.0,2.412289504072154e-05
0.7140994261289838,1.0,2.4122314103020832e-05
0.7239002530414129,1.0,2.3089968657202808e-05
0.7239106023834535,1.0,2.3087981264395962e-05
0.7321383293057144,1.0,2.2213024462797313e-05
0.732148678647755,1.0,2.2212934234418118e-05
0.7381926943994536,1.0,2.1625137809337503e-05
0.7382030437414941,1.0,2.1625116246982862e-05
0.7422651604924217,1.0,2.124126141033581e-05
0.7422755098344622,1.0,2.1241182497333647e-05
0.7424617979911927,1.0,2.1222920595337115e-05
0.7424721473332333,1.0,2.1221573183344377e-05
0.7430931078556681,1.0,2.116066074360089e-05
0.7431034571977087,1.0,2.1160528978902586e-05
0.7540737597607232,1.0,2.0131237623271887e-05
0.7540841091027638,1.0,2.0130833139569482e-05
0.7567956367173957,1.0,1.9889136159047723e-05
0.7568059860594363,1.0,1.98889832848068e-05
0.7654166386371987,1.0,1.910875219302971e-05
0.7654269879792392,1.0,1.9107748830994136e-05
0.7705136895921841,1.0,1.8640407177848883e-05
0.7705240389342247,1.0,1.8639960164187503e-05
0.7736547149015002,1.0,1.83801536772104e-05
0.7736650642435408,1.0,1.8378745202230546e-05
0.7742653260818944,1.0,1.8322380060656586e-05
0.7742756754239349,1.0,1.8322297699363962e-05
0.7755900418630886,1.0,1.8204466287787208e-05
0.7756003912051291,1.0,1.8204045284950235e-05
0.7847699082530828,1.0,1.742390160030326e-05
0.7847802575951234,1.0,1.742291559358047e-05
0.7915332032766017,1.0,1.6870582596739307e-05
0.7915435526186423,1.0,1.6869414744206176e-05
0.7954400798969206,1.0,1.6558155633615922e-05
0.7954504292389611,1.0,1.6558140535629344e-05
0.7979963673809437,1.0,1.63423272507737e-05
0.7980067167229843,1.0,1.634220506223822e-05
0.803481518662451,1.0,1.5896868006315646e-05
0.8034918680044916,1.0,1.5896638982130654e-05
0.8102655123700511,1.0,1.534768064045807e-05
0.8102758617120916,1.0,1.5347346201030748e-05
0.8118696603863409,1.0,1.522347861109512e-05
0.8118800097283815,1.0,1.522317170569269e-05
0.8175876718637612,1.0,1.477033670418913e-05
0.8175980212058018,1.0,1.4770068311160047e-05
0.8185449860025149,1.0,1.4693005089740544e-05
0.8185553353445555,1.0,1.4692936312343262e-05
0.8194557281020859,1.0,1.461649948604478e-05
0.8194660774441265,1.0,1.461563772315104e-05
0.8221931290718193,1.0,1.4397510888442651e-05
0.8222034784138599,1.0,1.4397088758435544e-05
0.8223949412416106,1.0,1.4382848941184204e-05
0.8224052905836512,1.0,1.438272379325564e-05
0.8273574507500686,1.0,1.399428353614387e-05
0.8273678000921092,1.0,1.3993838789785484e-05
0.8290599175157439,1.0,1.3855844345786006e-05
0.8290702668577845,1.0,1.3855289109934691e-05
0.8290806161998251,1.0,1.3854671368639242e-05
0.8290909655418657,1.0,1.3854593596526469e-05
0.831792143814457,1.0,1.3658542410414468e-05
0.8318024931564976,1.0,1.3658001965973798e-05
0.8386744562714425,1.0,1.3135098785571556e-05
0.8386848056134831,1.0,1.3134650267259413e-05
0.8448426641276281,1.0,1.2667652936906871e-05
0.8448530134696687,1.0,1.2667404696274052e-05
0.8498620950173092,1.0,1.2274596210300536e-05
0.8498724443593498,1.0,1.2274434674112943e-05
0.8504261341585209,1.0,1.2239698580863384e-05
0.8504364835005614,1.0,1.2239230756931872e-05
0.8538569410449731,1.0,1.1971971588129226e-05
0.8538672903870137,1.0,1.1970647822958125e-05
0.8582916341093615,1.0,1.1649236680223563e-05
0.8583019834514021,1.0,1.1648390568447144e-05
0.8584882716081325,1.0,1.163227237889796e-05
0.858498620950173,1.0,1.1631338477770408e-05
0.860961764355831,1.0,1.1449004643801755e-05
0.8609721136978716,1.0,1.1448876586089072e-05
0.8635335758529151,1.0,1.1269206438690386e-05
0.8635439251949557,1.0,1.1268387375534085e-05
0.8644857153206484,1.0,1.1200621534776614e-05
0.864496064662689,1.0,1.1199823152617641e-05
0.8690239018054428,1.0,1.086311259399836e-05
0.8690342511474833,1.0,1.0863053216797857e-05
0.8760769784060979,1.0,1.0309211272126378e-05
0.8760873277481385,1.0,1.0309086801208042e-05
0.8764961267587413,1.0,1.0278418644328189e-05
0.8765064761007819,1.0,1.0278308510107835e-05
0.8877303375437906,1.0,9.387161058712843e-06
0.8877406868858312,1.0,9.387109340451798e-06
0.8903538957510776,1.0,9.159719381492675e-06
0.8903642450931182,1.0,9.158939920028864e-06
0.8906022799600516,1.0,9.137063789701752e-06
0.8906126293020922,1.0,9.136812724461776e-06
0.8916889608743124,1.0,9.044174153669293e-06
0.891699310216353,1.0,9.043919930837078e-06
0.8922685240285849,1.0,8.998046984749646e-06
0.8922788733706255,1.0,8.997671910838626e-06
0.8949748769721965,1.0,8.768257434919185e-06
0.894985226314237,1.0,8.767617439864093e-06
0.8955130427583067,1.0,8.729487439077295e-06
0.8955233921003473,1.0,8.729443297333746e-06
0.8959891124921733,1.0,8.692202277917809e-06
0.8959994618342139,1.0,8.690732456251357e-06
0.8996734782586198,1.0,8.377351139773704e-06
0.8996838276006602,1.0,8.376786822618008e-06
0.9002168187157501,1.0,8.329955455686975e-06
0.9002271680577907,1.0,8.32965144193027e-06
0.9049826907254371,1.0,7.922458897053036e-06
0.9049930400674777,1.0,7.922269624486235e-06
0.905086184145843,1.0,7.91836609457185e-06
0.9050965334878835,1.0,7.918214249093735e-06
0.9052103762503299,1.0,7.909010207264689e-06
0.9052207255923704,1.0,7.908134134669117e-06
0.9058830834829675,1.0,7.85338154243039e-06
0.9058934328250081,1.0,7.852777475974927e-06
0.9076528209719067,1.0,7.706286942670071e-06
0.9076631703139473,1.0,7.70581829011639e-06
0.9099452002338951,1.0,7.52727687136923e-06
0.9099555495759357,1.0,7.525810050127616e-06
0.9161030587480401,1.0,6.973218189131859e-06
0.9161134080900807,1.0,6.9726847156839375e-06
0.9187887130075706,1.0,6.748519784883508e-06
0.9187990623496112,1.0,6.748096017924278e-06
0.9189801758353213,1.0,6.730754110348895e-06
0.9189905251773618,1.0,6.728885740552661e-06
0.9232078820588981,1.0,6.351080856940807e-06
0.9232182314009387,1.0,6.350625528273268e-06
0.9236891264637851,1.0,6.3182899560619974e-06
0.9236994758058257,1.0,6.31745885021452e-06
0.9287861774187706,1.0,5.891597851438134e-06
0.9287965267608111,1.0,5.89119002263657e-06
0.9298366356358895,1.0,5.794302851758347e-06
0.9298469849779301,1.0,5.793927816954439e-06
0.9357771579671822,1.0,5.294564133184948e-06
0.9357875073092228,1.0,5.29379394695983e-06
0.9377176595997909,1.0,5.162301159922367e-06
0.9377280089418315,1.0,5.162267903899652e-06
0.9388353885401736,1.0,5.080883569968087e-06
0.9388457378822141,1.0,5.08080662469902e-06
0.9412467852356287,1.0,4.9092310060237165e-06
0.9412571345776692,1.0,4.908947364505e-06
0.946571521715507,1.0,4.53783719526566e-06
0.9465818710575475,1.0,4.537428925293201e-06
0.9468095565824403,1.0,4.5228286592154894e-06
0.9468199059244808,1.0,4.5226963565502985e-06
0.9474719144730374,1.0,4.491102424784203e-06
0.9474822638150779,1.0,4.490296617057857e-06
0.9496401016305388,1.0,4.347254459374281e-06
0.9496504509725794,1.0,4.3461837719415725e-06
0.9502196647848113,1.0,4.307983632347705e-06
0.9502300141268519,1.0,4.307287575395894e-06
0.9530450351618895,1.0,4.12822359373571e-06
0.9530553845039301,1.0,4.128119532199133e-06
0.9552494450165331,1.0,3.999851572507728e-06
0.9552597943585737,1.0,3.999838993065778e-06
0.9563257765887534,1.0,3.928192718144877e-06
0.956336125930794,1.0,3.928179908083729e-06
0.9607915176792635,1.0,3.6595351157791575e-06
0.9608018670213041,1.0,3.659383764334354e-06
0.9610347272172172,1.0,3.6494143097424586e-06
0.9610450765592577,1.0,3.6493134411677946e-06
0.9761292425834027,1.0,2.7311831493610465e-06
0.9761395919254433,1.0,2.7305146820982275e-06
0.9764759455417622,1.0,2.7106750835938866e-06
0.9764862948838028,1.0,2.7097450142214607e-06
0.9791667744723129,1.0,2.5335607312123043e-06
0.9791771238143535,1.0,2.533306819880667e-06
0.9884760076378144,1.0,1.8423725034805904e-06
0.988486356979855,1.0,1.8423176712678403e-06
0.996196616800087,1.0,1.1139970653658396e-06
0.9962069661421276,1.0,1.1137783152389762e-06
0.997055612189455,1.0,9.89216831095768e-07
0.9970659615314956,1.0,9.879881178735801e-07
1.0,1.0,7.583238277940751e-08
